date,T1,T3,T6,T5,T8,T10
2000-02-29,1.7638400950979274e-06,1.2751828033437601e-21,2.532394412742953e-19,1.912123081832167e-21,1.1151541502333376e-08,5.6106866258639016e-21
2000-03-31,5.123291811834222e-09,1.186419234483776e-21,1.5551113772871833e-20,3.564847135158986e-19,1.1871961147955472e-12,8.943478570250722e-22
2000-04-30,,,,,,
2000-05-31,4.5258694038611507e-07,6.774960398624636e-25,5.850327144310857e-21,6.14280614134202e-22,4.14476350228485e-10,9.688357630361603e-22
2000-06-30,2.9176675278016504e-07,1.5860593379204027e-22,2.049789372086302e-21,4.9746648667418665e-24,3.08510218757904e-09,2.702782846272373e-20
2000-07-31,,,,,,
2000-08-31,6.989430737839015e-08,3.976616879575386e-24,2.33431217353164e-22,8.049083214743803e-26,4.494695992910601e-10,3.965792798503224e-22
2000-09-30,,,,,,
2000-10-31,5.496307227303207e-07,1.757400668291452e-24,9.978776754859998e-24,3.12883686115825e-26,1.8374893450240642e-09,2.0889410593827626e-22
2000-11-30,8.501911319463797e-07,1.1536216392511642e-21,1.0242254344693172e-20,5.304210206699564e-23,5.768546540193004e-10,5.092511125388943e-21
2000-12-31,0.005483410469996495,7.283964135693438e-21,1.1224187088304905e-20,3.9933336630724827e-23,1.505563301098798e-08,1.6136584151989462e-18
2001-01-31,0.12694908063096239,1.234357277326392e-15,1.7402201157371266e-17,2.391742481453492e-16,1.6219990918783858e-07,4.660624363466086e-17
2001-02-28,,,,,,
2001-03-31,0.1370907875027529,6.233891902303224e-21,2.8972238374726335e-21,7.630333645103308e-22,6.533581901966531e-08,7.361155089278369e-22
2001-04-30,,,,,,
2001-05-31,0.2633633946467799,6.856196292673653e-22,2.4385617531314505e-19,6.302550256982609e-21,3.456747091830552e-08,1.422986339578004e-18
2001-06-30,0.5580799574572026,1.6500023413942218e-17,1.7926774780843778e-18,2.4679105855105223e-18,1.7510430487512836e-06,1.1132248103827576e-15
2001-07-31,,,,,,
2001-08-31,0.5977008594973242,1.1985447750893398e-14,5.4803071816190164e-14,1.4384441472332572e-13,1.5944315776370883e-07,3.6319222514870356e-15
2001-09-30,,,,,,
2001-10-31,0.7249982226101397,3.334269826938426e-14,1.0972301785156154e-12,3.8188632126179845e-08,0.00013734347743308686,9.025586789812602e-12
2001-11-30,0.884494124735053,2.5988834504357017e-19,1.242425650977426e-17,1.3092139553985897e-20,0.0007312474871460535,1.6123556861310099e-18
2001-12-31,0.8994840534998546,1.0052863209138299e-17,2.5928773872529628e-17,6.63879456270351e-17,3.1192195418038604e-08,9.055146414585767e-16
2002-01-31,0.2745972042157924,5.984466573570848e-23,3.089343704915209e-21,9.564068119175228e-21,3.7367488597157045e-09,3.301474953160628e-19
2002-02-28,,,,,,
2002-03-31,0.6122444828077899,2.4011433125624213e-19,2.8464593017573717e-18,1.0853813773397994e-16,1.6422768425695783e-08,1.0185843860172576e-16
2002-04-30,,,,,,
2002-05-31,0.568644162752031,1.017815651472646e-21,1.1338301051573368e-22,8.7155355828131e-24,9.876299174676637e-07,4.6519563135704514e-23
2002-06-30,0.9943278627243927,2.2739317081920046e-19,1.1723831412661313e-17,3.2915269312628462e-18,9.813636206407329e-06,1.9263984521629122e-17
2002-07-31,,,,,,
2002-08-31,0.9999512895077923,1.0091499195309182e-21,7.367269413911792e-22,4.321783415510169e-20,2.723518439351089e-07,1.679255391012359e-20
2002-09-30,0.9998431646349694,7.949900852697408e-22,8.475933773503988e-20,1.4797482171360397e-21,5.113292691321976e-06,7.921396569293563e-19
2002-10-31,,,,,,
2002-11-30,0.9999883023405883,2.0896219152489487e-16,6.89995836411706e-16,5.29732521610586e-15,1.4237697558461276e-07,3.4223547335874996e-15
2002-12-31,0.9871510294405499,1.7561795839093276e-21,1.7483744948457613e-21,7.201106354565099e-22,1.4802068157571105e-06,8.473027409661302e-20
2003-01-31,0.29096753900942957,1.9849085780843418e-22,2.0436203286748385e-22,1.0164610462218802e-20,6.050512531686943e-09,1.2780976733520627e-19
2003-02-28,,,,,,
2003-03-31,0.6033198478472496,9.002590904916715e-25,6.568287200390689e-23,1.217362303576009e-22,1.2228160068322857e-06,2.637964522263561e-20
2003-04-30,,,,,,
2003-05-31,0.5579078826916428,9.14851238538906e-24,8.51016082388242e-22,3.044888843729485e-22,4.2823613654312604e-07,1.4828247740085953e-20
2003-06-30,0.9998776471218848,5.60187217067482e-14,1.534451243919635e-13,1.2019666695596151e-14,9.915775374392036e-05,1.7559581295915954e-13
2003-07-31,,,,,,
2003-08-31,0.9762519582028277,2.5834268479497487e-18,1.1281210782866417e-12,1.827085389167154e-18,0.016095238694793818,1.3698196044710817e-16
2003-09-30,0.9999606566681137,3.8093782554351135e-20,1.871195747837692e-18,9.853722994189568e-21,3.840062967655794e-05,5.559798137482872e-17
2003-10-31,0.9969090288800283,1.4976960867836815e-22,2.7140322670531294e-17,4.177524756334401e-22,9.838944938675837e-05,2.083696900615079e-16
2003-11-30,,,,,,
2003-12-31,0.5729515989682981,2.2176082205845234e-14,2.550873092635633e-14,6.574199877300339e-15,0.2945029735745067,1.8996448564104165e-13
2004-01-31,0.18873553269307697,4.0064728171975433e-19,4.633392037899569e-18,6.8382612787082246e-18,0.09358185375695953,4.95081521728344e-16
2004-02-29,,,,,,
2004-03-31,0.09931354658167692,9.507395717618307e-30,3.092360826114566e-27,1.144484700573261e-28,0.22359052577676827,1.233714217474214e-24
2004-04-30,,,,,,
2004-05-31,0.03603772968722597,2.6492347885909514e-22,1.1187587926462583e-19,1.0354419838328907e-23,0.374923096316472,1.6312322235142253e-19
2004-06-30,0.201549993675988,2.1873124882801027e-17,6.985288027965859e-16,1.3196666147138113e-15,0.7978498418312912,1.3378209077187793e-13
2004-07-31,,,,,,
2004-08-31,0.011203639500747481,4.8274015675337195e-20,1.9027590833560922e-18,1.2691326399588293e-18,0.9887688080216952,1.2957620477082647e-18
2004-09-30,0.029141731924606312,1.1539536761186916e-14,5.299708283005691e-05,7.34783564534061e-16,0.9639818549293663,1.2422918261980109e-11
2004-10-31,,,,,,
2004-11-30,0.002541437826561032,2.0082242754162072e-20,7.557563845163857e-19,1.3704184311499486e-19,0.9974584166963404,1.5940174355572583e-17
2004-12-31,1.474518402435566e-07,1.1846643318858918e-19,1.3329021035235528e-15,1.928139362913629e-18,0.9977612759554513,2.946896798915907e-16
2005-01-31,,,,,,
2005-02-28,3.801029134968112e-07,5.478188193153502e-20,5.327122980708104e-17,1.0434481382158024e-19,0.2742390483274676,1.7423923623053645e-16
2005-03-31,7.936598640406967e-07,1.2784761806440459e-20,1.1570129636834585e-18,6.05567019386232e-20,0.7735872836214003,1.2491171490388292e-16
2005-04-30,,,,,,
2005-05-31,1.3104186821570592e-08,6.890587823373516e-20,3.5732015998647706e-20,2.0289150855732954e-21,0.6681574176450511,4.988352011018367e-17
2005-06-30,1.7942990666839073e-08,2.1595540565338672e-14,3.5661079126214886e-12,4.238394523169323e-15,0.9999742505055395,5.886763608609683e-13
2005-07-31,,,,,,
2005-08-31,1.0900027168028775e-09,7.288034855759588e-18,5.698974044138114e-17,3.1323541874287135e-20,0.9999917651858012,4.096693089670381e-17
2005-09-30,2.217160341736212e-08,2.645674784848789e-21,1.0078701418190134e-17,7.918659468095457e-19,0.9999975011420613,2.811952983434009e-17
2005-10-31,,,,,,
2005-11-30,0.0003333128153234291,1.0336963368909758e-09,2.7512477311377638e-08,3.547137330149199e-08,0.9010015138478561,2.3669552853502737e-10
2005-12-31,8.581220225672336e-09,1.7532536210575943e-20,6.161763162257326e-21,8.961182794339005e-21,0.9826483313312022,4.2583443894675845e-19
2006-01-31,3.3662596175235624e-08,3.343356112062341e-19,5.636171243418598e-17,4.4071554597623884e-21,0.12023271306931162,3.422993713794198e-17
2006-02-28,,,,,,
2006-03-31,2.1585916356953586e-08,1.0568755688498482e-19,2.2196249648366784e-20,3.6999853790045964e-21,0.14251151440630827,8.507107653450331e-19
2006-04-30,,,,,,
2006-05-31,1.2095655268140958e-09,1.1104305536499975e-19,8.613142839965141e-19,2.8454595402455207e-20,0.02618878347088824,1.6008395941291357e-18
2006-06-30,1.0406206876325673e-10,4.312608584730963e-22,6.5301125033175675e-21,1.1218101663336328e-23,1.8781714129652742e-07,4.559347293306244e-21
2006-07-31,,,,,,
2006-08-31,3.0289234638568947e-13,4.6131022640400956e-24,1.3664530113557635e-23,4.714318494808904e-25,3.918200737145523e-10,4.877656538411242e-22
2006-09-30,9.343949789095666e-12,1.4383663540335309e-24,1.2931633622346318e-22,1.382467655313629e-24,8.471889829942028e-10,3.937790298719598e-22
2006-10-31,3.736184768785523e-12,7.594523999685877e-20,1.8125850613785483e-18,3.55654299444812e-20,7.288518599834126e-11,1.0231284795225312e-17
2006-11-30,,,,,,
2006-12-31,1.40489872279138e-11,2.2068581128350268e-23,1.5816900830467733e-20,2.372685065044382e-22,1.9006398015687345e-09,3.3795125707298775e-19
2007-01-31,,,,,,
2007-02-28,,,,,,
2007-03-31,,,,,,
2007-04-30,,,,,,
2007-05-31,,,,,,
2007-06-30,,,,,,
2007-07-31,,,,,,
2007-08-31,,,,,,
2007-09-30,,,,,,
2007-10-31,6.612520091007327e-07,6.421633057038405e-16,5.1139405308808e-16,1.4564488715433553e-17,2.554220243408866e-07,2.197795652432499e-16
2007-11-30,,,,,,
2007-12-31,3.7055974101137853e-07,6.003596878117241e-16,4.795081528555622e-14,2.7979112392013437e-15,2.999246043945325e-05,9.686779796888623e-14
2008-01-31,6.333736995040893e-08,6.656058308352573e-13,1.3829767657530032e-13,1.622793942438432e-14,1.0002280970043926e-05,4.039820520851359e-14
2008-02-29,,,,,,
2008-03-31,2.3032101742000854e-05,3.220253082289773e-11,9.944419216051622e-13,5.7580801392002896e-11,1.6239483081798666e-05,5.31609119020252e-12
2008-04-30,2.2336155100347797e-08,1.0031637606335305e-09,2.395540625225775e-10,4.367351314333113e-11,3.9933706577282135e-05,5.516906757065765e-10
2008-05-31,,,,,,
2008-06-30,,,,,,
2008-07-31,,,,,,
2008-08-31,7.352853041464797e-05,7.461393237095109e-12,4.911141601261847e-10,1.4682816918541306e-12,0.0045492895936656815,1.420872209371894e-07
2008-09-30,3.773928087444877e-05,1.2733601218113524e-11,2.6683866669896756e-12,2.5620990624319613e-13,9.456071086058467e-05,1.2235396096088206e-12
2008-10-31,4.579408481229239e-10,3.399409036691189e-14,1.5734901180541614e-15,1.8443723914392488e-11,4.7208760880477416e-11,3.34219967458497e-14
2008-11-30,,,,,,
2008-12-31,6.8919748429650605e-09,2.3305932086299386e-14,5.923202190616326e-14,4.729682378175035e-11,5.083333209317512e-09,2.372044284501444e-11
2009-01-31,3.121315358909575e-08,1.541408931836067e-11,3.6467045565661204e-11,1.0431168672827603e-08,1.9225723671074452e-10,3.770457379526615e-09
2009-02-28,,,,,,
2009-03-31,3.1105972373735935e-08,1.348264786420787e-15,1.3671603418695409e-14,3.8282799424871154e-12,1.761885585891875e-09,6.604325766292776e-14
2009-04-30,2.6256238999455164e-09,1.2964387518323567e-15,8.350712168640569e-15,9.987580314171388e-14,1.3507594381207465e-09,9.05407068143414e-13
2009-05-31,,,,,,
2009-06-30,1.3515635492117522e-10,6.860289226656369e-14,3.864269290036052e-13,1.6280168012670825e-11,5.493192055540153e-08,9.130199969489472e-13
2009-07-31,,,,,,
2009-08-31,2.5296740753094405e-09,1.026993840482857e-15,1.869716749083283e-14,2.8957596918893443e-14,1.640347191016833e-09,2.0919012483395491e-13
2009-09-30,3.087363537375613e-09,2.1664755603374088e-16,5.233358973825325e-16,1.9339141342885605e-14,4.160207479440709e-09,5.245877304665674e-14
2009-10-31,,,,,,
2009-11-30,1.724195318536383e-10,1.318052655893372e-14,1.0134782029270763e-13,3.652147094653609e-14,1.2267412770178356e-09,5.648814108560705e-12
2009-12-31,1.1115342472628458e-08,3.648958813141332e-13,8.010528188407132e-13,5.140214928556592e-13,3.9860094800781857e-07,3.062591871755248e-10
2010-01-31,1.8653734527938407e-10,3.517545388188144e-11,3.9053469972164055e-09,1.7992718288356621e-10,4.239620238741846e-09,7.912241851947418e-09
2010-02-28,,,,,,
2010-03-31,7.279949158054637e-11,8.586841172075009e-15,1.3787715874493092e-12,3.7266878782341775e-13,3.654822674377451e-10,1.2770356472006525e-11
2010-04-30,1.40502152445114e-10,1.2929676883514286e-11,1.3037694201442548e-09,2.676723856191831e-11,3.942939177990039e-09,4.798742186156827e-08
2010-05-31,,,,,,
2010-06-30,2.250001053822525e-06,8.823862701673526e-11,5.063907405416719e-10,9.077197514214432e-11,4.902833095045846e-07,2.151316217200647e-08
2010-07-31,,,,,,
2010-08-31,1.8806210729143964e-08,2.2420000952576823e-13,9.888404836015799e-12,5.866903468933846e-13,8.068763062067333e-08,2.254778145307814e-11
2010-09-30,8.974224536984062e-11,3.612742966299646e-15,1.4608861955019127e-13,8.937479084547122e-15,1.987858687117231e-09,1.4040384216751334e-12
2010-10-31,,,,,,
2010-11-30,2.497540826239597e-11,6.327064119482905e-14,8.323500306920773e-13,7.672648160549517e-12,3.609533551475631e-11,3.523164263721788e-11
2010-12-31,8.714036429449496e-10,1.0813687716596424e-13,3.5290852439944805e-12,1.807346845005513e-12,7.184645173577396e-10,3.1608224330460674e-11
2011-01-31,2.5685372893303285e-12,4.719330633945627e-13,2.0367035419148744e-10,6.515707813168765e-11,1.0696032975543912e-09,1.5815131783073006e-09
2011-02-28,,,,,,
2011-03-31,5.09521114540317e-15,1.4594706764289189e-15,7.568161488244958e-14,1.0263839982407111e-14,3.297843296375774e-12,1.9489194698979103e-11
2011-04-30,1.6960941628772133e-13,4.565593706007592e-13,9.304040614189325e-09,2.6808961371506057e-12,4.715273628309791e-10,9.715507839334802e-09
2011-05-31,,,,,,
2011-06-30,7.653858506342564e-12,3.632654761141435e-14,3.372593862131178e-11,1.5609312557492936e-13,4.961743227911559e-11,5.9390685310325085e-09
2011-07-31,,,,,,
2011-08-31,1.1512888843776582e-07,5.92366968248805e-12,1.0452431092575845e-11,1.436484184041778e-11,1.4945912763446615e-06,6.682764406274676e-09
2011-09-30,5.134975629440774e-09,7.844797457012229e-14,3.753443138800666e-12,7.461641944644355e-11,6.9761270579211525e-09,4.078580890251768e-10
2011-10-31,,,,,,
2011-11-30,8.61846906348312e-11,7.604693554993596e-12,6.315375029948772e-11,1.4365706831268352e-12,2.8152920152449657e-10,9.123908013499284e-10
2011-12-31,1.6651226154443312e-12,3.570570095973612e-13,3.2516817514655176e-12,2.6925818916578113e-12,8.992153716521843e-13,1.5398140202729354e-10
2012-01-31,7.73530080809018e-14,2.4662630487698596e-06,3.586697560050851e-06,7.611623126733034e-06,5.485294160081905e-13,0.00014455787022003144
2012-02-29,,,,,,
2012-03-31,8.229760506549698e-15,1.049428986866957e-06,1.206023941462591e-05,1.0198082439985208e-07,1.1201085901669357e-12,0.00010254128981063147
2012-04-30,1.6847420905568837e-14,2.525401365071774e-07,4.748801263015178e-06,4.067539928478979e-08,6.280215791305754e-13,3.650075695795148e-05
2012-05-31,,,,,,
2012-06-30,1.3645623574824942e-12,1.4386004221363576e-06,5.309993702663287e-06,8.227954107809258e-08,3.852834620273219e-12,4.302998179366302e-05
2012-07-31,,,,,,
2012-08-31,3.919074495495919e-12,4.823154912486642e-07,1.415159357370868e-05,3.8630680643920046e-08,2.6893699850382457e-11,0.00014543229744806555
2012-09-30,1.415790353518497e-12,3.903691931878649e-09,7.032714421695959e-08,1.996981144848685e-08,9.73905210612386e-13,7.730801001584504e-06
2012-10-31,4.089218098637776e-09,1.295560779410482e-08,1.3322980463315598e-07,7.025460564925422e-08,8.328018468009781e-10,6.058535566878163e-05
2012-11-30,,,,,,
2012-12-31,1.1367177353936943e-11,1.3538447935719152e-08,9.657046977747797e-07,1.2125512282205798e-06,1.0702208368350954e-09,8.573581318502825e-07
2013-01-31,1.173944005547663e-11,9.487617906289857e-10,2.0281699622488727e-09,6.364570217127812e-09,3.608173240881634e-11,1.4783245071394133e-06
2013-02-28,,,,,,
2013-03-31,2.4293643108895477e-14,7.360673187316163e-09,6.854242035490553e-09,7.041637041779797e-08,5.5078898360989497e-14,1.7093321012618714e-07
2013-04-30,,,,,,
2013-05-31,7.769812070645995e-13,1.0363882163289963e-08,6.225983126457048e-08,2.780193616271098e-09,3.04013852617364e-12,5.785898601424635e-06
2013-06-30,5.090300658688362e-10,3.194365947893027e-09,8.912851170897265e-07,5.557844120808894e-09,7.520655447440047e-11,1.357996309723539e-05
2013-07-31,4.7832793924889244e-12,1.4361845606340837e-09,4.16726534369693e-08,1.4155135832214418e-10,0.0005333536114126302,1.2771746534053922e-06
2013-08-31,,,,,,
2013-09-30,9.4174966877682e-10,3.547403219364795e-08,1.876179365099042e-07,3.1409719619535886e-09,2.0126522466275677e-12,1.0365837771068682e-05
2013-10-31,1.0624537536871592e-09,1.6800123508225714e-09,3.742189117527683e-08,2.6003968936274205e-07,1.7928570280760468e-10,7.699572364458162e-07
2013-11-30,,,,,,
2013-12-31,1.4226573164087091e-09,1.6016447083641514e-07,1.1798404924024886e-05,4.7247570532221355e-07,1.5705540307308034e-09,0.0007946074122058971
2014-01-31,1.3883501981664297e-12,5.712717871864515e-10,3.371213535350743e-08,3.431875241068482e-09,1.9844273246785338e-13,5.697100300093717e-05
2014-02-28,,,,,,
2014-03-31,1.1739113497911868e-13,1.9250050116796358e-09,1.0516163163612725e-07,3.027065594091309e-09,1.7550933042364694e-13,0.00011305755934517543
2014-04-30,8.29638260634988e-19,2.340043621709156e-09,1.0407723932554112e-07,2.7758574698263103e-09,5.724760775142928e-17,1.2418127377521566e-05
2014-05-31,,,,,,
2014-06-30,8.687751088501067e-14,3.085363752524646e-09,1.253547669807431e-06,6.44388992221646e-08,1.5149382140011384e-13,0.01952393206076827
2014-07-31,1.472427981279359e-13,1.7528402058510424e-08,1.7980831522209357e-07,1.680623387217413e-08,6.664937765821847e-12,0.04413094120258813
2014-08-31,,,,,,
2014-09-30,1.4095920756895068e-10,1.426299751810128e-07,3.9553761335444465e-06,5.017500754554267e-08,6.838995212217563e-12,0.20742832994353563
2014-10-31,2.324464688205286e-08,7.632200033322358e-07,9.455971828586314e-07,9.519329822145677e-06,1.284352411940919e-07,0.5114623483515633
2014-11-30,,,,,,
2014-12-31,1.546878514830573e-14,3.603676297788055e-08,2.7682624949116945e-06,1.3039108144468692e-07,3.4777865363805806e-12,0.6702674831175812
2015-01-31,2.5558873207784777e-12,7.610300988622039e-08,3.0812725501830606e-07,3.379925445209421e-08,1.247888038278268e-12,0.3280030879086603
2015-02-28,,,,,,
2015-03-31,5.5433440814621975e-14,1.844153199231609e-07,1.1611173531601847e-06,3.86206742508716e-07,1.1623821768876152e-12,0.8207590329550096
2015-04-30,6.243642132093591e-14,1.873933922607386e-08,2.2241193896619723e-06,2.0970757926387224e-08,8.132335496929918e-14,0.8650717053416913
2015-05-31,,,,,,
2015-06-30,5.5272732374092274e-12,4.697725844243908e-08,8.901780312545227e-06,8.831323897211021e-08,2.1361124258491047e-11,0.9991226549454146
2015-07-31,1.1100651967206992e-13,5.9350801001523276e-08,5.199677690257401e-06,3.377372402974203e-08,2.2517155088068004e-12,0.9993645368832258
2015-08-31,,,,,,
2015-09-30,1.5220417897539745e-12,1.9066598075654993e-08,3.5025249950780455e-05,2.6045606767005532e-09,9.388146830345386e-13,0.9998670090478355
2015-10-31,1.472490684375371e-10,2.2401537345488602e-06,0.00019716028467716768,7.135465242044582e-07,1.4732573295286717e-09,0.9983123157901537
2015-11-30,,,,,,
2015-12-31,6.173365953267092e-11,6.412815445813174e-07,0.24371534701891132,2.811926408252958e-07,1.8479889278477819e-09,0.6947050905505552
2016-01-31,1.0104475798421095e-11,1.473420783293838e-07,0.06081664037517697,6.626845399761664e-08,1.739704143762145e-10,0.28454119301669345
2016-02-29,,,,,,
2016-03-31,1.790115480782416e-12,6.016782735590284e-07,0.18872403183825842,3.7919093348626476e-08,3.067815914874695e-12,0.5421246769430187
2016-04-30,2.1147658523451236e-12,8.549864456277194e-05,0.26154230550416985,2.2958049727832623e-06,1.1377322674076583e-07,0.568846490613461
2016-05-31,,,,,,
2016-06-30,1.1394839554173153e-09,4.5042278631637726e-07,0.35001095811732325,2.61331518769848e-06,3.5520307599939226e-09,0.6402035873504341
2016-07-31,1.8171636780049876e-06,2.3611769553377058e-05,0.3457112505577781,0.0002884582274397813,3.7990012442290294e-07,0.6440334641441893
2016-08-31,,,,,,
2016-09-30,2.7821403485774577e-08,4.414531421328739e-06,0.2853885097645581,2.4504587352298916e-07,5.5177443525610675e-06,0.26646110437219794
2016-10-31,,,,,,
2016-11-30,7.083381985741524e-08,0.00015778261729720063,0.4518445694166412,3.591131440327303e-05,1.1407069904300641e-07,0.5024238993137875
2016-12-31,1.0516799280595316e-11,0.00014019373285246759,0.631895405054091,8.093481075713934e-05,8.163368192012746e-09,0.2905909419157458
2017-01-31,,,,,,
2017-02-28,1.1165925042490875e-14,2.1917031574123792e-08,0.27586367842736265,1.0489040569730957e-08,4.160304210762248e-13,0.07069049305114294
2017-03-31,6.028079159350424e-13,2.7853796320028357e-06,0.603845794281949,7.161293371322787e-07,6.264274918148938e-13,0.09030094776810701
2017-04-30,,,,,,
2017-05-31,3.1340086312389463e-12,1.7102753161797707e-06,0.7013543776558393,7.76755142098596e-07,2.01085606073334e-11,0.05853677862736845
2017-06-30,4.5143685201690314e-10,2.703666710059962e-05,0.8460637355894589,3.593013973925141e-07,6.716040155930906e-10,0.00037538300419368524
2017-07-31,2.326240143516831e-08,2.1712417706411613e-06,0.9472518467369698,4.784574115265295e-07,2.414795837423714e-09,0.0007662596815249142
2017-08-31,,,,,,
2017-09-30,2.05460135647778e-09,7.69711309717902e-06,0.6949541464512025,3.1212728246972332e-06,5.677281374730536e-07,0.00022840524398968048
2017-10-31,,,,,,
2017-11-30,1.1085370561760817e-08,7.001431804555974e-06,0.8840584806029834,5.839863298862705e-06,1.4778258064736541e-06,1.1385163604678552e-05
2017-12-31,4.3275847435899656e-11,5.411633698245089e-07,0.9710633898239629,1.0109119770609312e-06,3.736099025798433e-10,8.943830415449595e-05
2018-01-31,4.0163335930739863e-13,1.1496914759969249e-07,0.3387133413474324,4.821556122361388e-08,8.30372330499821e-12,1.948510239497031e-06
2018-02-28,,,,,,
2018-03-31,1.2674097206475166e-15,2.9477748448134436e-06,0.7446819182999209,5.15490123342404e-07,4.611383792483004e-15,7.19336717945714e-06
2018-04-30,,,,,,
2018-05-31,5.912201423191918e-17,2.0869460039195085e-06,0.864982289005186,8.403851214220616e-06,2.9863255878042443e-12,3.832158959243035e-06
2018-06-30,1.6993477962950934e-15,5.677961482920311e-07,0.9799756827290714,5.8113572951337894e-06,1.591749992631089e-12,2.5737632327166517e-07
2018-07-31,,,,,,
2018-08-31,1.0438147635851026e-08,1.5273438850952778e-05,0.562229177547402,6.592953721141801e-05,6.134426827650579e-10,6.394834752746804e-06
2018-09-30,3.4073014829463276e-11,4.6076703695144334e-05,0.7151919520062577,4.4523822779150886e-06,8.146628023387935e-10,3.329722130258144e-06
2018-10-31,,,,,,
2018-11-30,7.476038410425581e-10,1.6895662023484518e-05,0.3626291823506856,2.6250470126215783e-06,1.0525632292733272e-10,7.987826609887206e-06
2018-12-31,1.0963218361678375e-10,1.8737269258960713e-05,0.29937800704855666,1.106127434877625e-06,1.5523004211680902e-10,4.6505735434053665e-05
2019-01-31,7.115102404949435e-14,1.0596634105560822e-06,0.0071368778925094455,1.6688426332176773e-06,6.203093991767158e-14,4.9226811582115346e-06
2019-02-28,,,,,,
2019-03-31,2.1363117532108135e-13,3.345885746910002e-06,0.014208826255215875,6.757345873851068e-07,6.025518880258299e-14,4.789493735233684e-05
2019-04-30,,,,,,
2019-05-31,1.2564511182784508e-13,1.760678505857307e-06,0.026595749264845932,7.0877988886507935e-06,1.467614901928046e-12,7.029445513605088e-05
2019-06-30,3.3626541094007457e-12,1.1326632610756369e-06,8.742410492479778e-05,8.99395618069552e-07,4.493860471295101e-12,1.944947062064899e-06
2019-07-31,2.873805401597565e-12,8.079494521270323e-06,0.0031328940708560443,4.4279038743451065e-06,7.050276591417129e-12,1.0372505208926722e-05
2019-08-31,,,,,,
2019-09-30,9.00793930615633e-11,2.5047483407598804e-06,6.596041219045973e-05,2.4269928757760523e-06,5.7858798645124957e-11,3.977974808719645e-06
2019-10-31,5.928539560895005e-12,6.218727632526409e-06,6.985701831474056e-07,0.00035283617060795456,3.706869955732142e-13,9.882858929223553e-07
2019-11-30,,,,,,
2019-12-31,2.3692392768715777e-13,1.3530133058433957e-05,6.632200353913987e-05,5.854339795009225e-06,3.785335797897357e-12,3.9036293137763577e-07
2020-01-31,4.6156830400386667e-14,2.3286155937353257e-05,6.888925246725871e-05,0.00018143856381675,9.77343312971654e-15,4.587716394326521e-07
2020-02-29,,,,,,
2020-03-31,2.4213688405042254e-12,0.00015345011341392296,0.0003385223798578591,0.341957959727432,2.1590240668536138e-14,3.87428444228266e-06
2020-04-30,3.909338692409523e-13,1.6174400242054913e-06,0.001688531380623106,0.8673843019777387,1.3966373789758975e-14,1.1067202145104759e-05
2020-05-31,,,,,,
2020-06-30,3.3606022266807086e-11,1.5680076433108267e-06,8.300301001012542e-05,0.9387376549718429,1.0469600609645073e-13,1.6484188264447018e-05
2020-07-31,1.1006047656906274e-12,2.728241038559779e-05,9.576191057098497e-05,0.9945343011103106,1.1135493744854073e-12,1.5156336043556948e-06
2020-08-31,,,,,,
2020-09-30,2.4600784666331616e-10,3.6734426748248083e-06,1.1868658729311526e-05,0.9994133136395174,3.891788043147605e-10,3.875569200077889e-06
2020-10-31,,,,,,
2020-11-30,3.6384968727666934e-10,8.308825620379391e-05,4.243196535119414e-06,0.9997407895015306,2.5559357976790165e-09,3.346281404258558e-07
2020-12-31,2.149757075493827e-13,1.2792607428448736e-05,3.1991351800181173e-06,0.9884790068527813,7.727136801164412e-12,2.5807604951323954e-06
2021-01-31,8.716009553426591e-14,2.1880849956499412e-06,2.1734366077699188e-08,0.44497615897954806,1.3295412956988263e-15,2.462933885291599e-09
2021-02-28,,,,,,
2021-03-31,4.345573548691211e-15,2.645906874594113e-05,7.1240745785254976e-06,0.8489743242292457,4.437706818443997e-15,5.064982259175183e-06
2021-04-30,1.1994497939102243e-16,2.4382461625537063e-05,1.1309665670415836e-07,0.9058087191934819,3.8676209455943565e-16,9.515603894046154e-09
2021-05-31,,,,,,
2021-06-30,6.626692353706733e-14,0.00010927519715270101,7.598610600694083e-06,0.9993721976460315,1.209419046936887e-12,3.553447538862077e-07
2021-07-31,1.3039388985462882e-14,0.0008828945684914747,8.064702356847479e-06,0.9596072061238472,1.971532418956072e-13,8.548707717060663e-07
2021-08-31,,,,,,
2021-09-30,1.5636758499568526e-10,0.0005556627501633625,3.0164435704424022e-06,0.8834312420268255,3.9419474209564556e-08,3.067659421410894e-06
2021-10-31,,,,,,
2021-11-30,5.994865894781524e-08,0.0005445338110986898,9.25066833371804e-06,0.7104220846134162,0.00020620958028259425,6.797199628619451e-07
2021-12-31,4.3141508381964963e-10,0.0013384244184965676,0.006128269025839083,0.6404856954623276,2.9057124795663115e-08,0.00048540606674672807
2022-01-31,1.382346059369372e-16,0.00019151440401649956,1.4083077452716602e-07,0.18785128185696293,9.85812419696242e-14,3.6125831557642773e-09
2022-02-28,,,,,,
2022-03-31,7.304627981801514e-18,2.4447870080659964e-05,8.567188093488387e-06,0.003488386710168408,5.077555414302455e-15,3.7944157549073554e-07
2022-04-30,,,,,,
2022-05-31,7.10250992645962e-18,4.683509200125447e-05,1.3640753901944235e-07,3.141795150441965e-05,1.0860389344037283e-16,1.9551111825120026e-08
2022-06-30,1.710929366579603e-16,2.6921240114284008e-05,8.56100655857113e-08,4.797150894130207e-06,1.1559014879236355e-15,1.3022450020386909e-08
2022-07-31,8.553699029567006e-14,0.00032949775976744985,1.4756331024580673e-07,1.2995454422247501e-06,4.9978459783466395e-14,5.119501538954403e-08
2022-08-31,,,,,,
2022-09-30,7.810895693391257e-17,0.0005979361333950045,1.8386698956227618e-08,6.976556201914415e-08,4.882993972989259e-16,3.1761899774414876e-09
2022-10-31,,,,,,
2022-11-30,2.043607689696367e-15,0.02126228447843771,5.455231847420377e-08,2.3688641838706695e-07,6.530974105505353e-16,2.808572464463018e-09
2022-12-31,1.4343992006825304e-13,0.21325869033888822,3.573517777786671e-06,2.2911976305104024e-06,1.5351267488667242e-13,1.4235610082227732e-07
2023-01-31,,,,,,
2023-02-28,5.230636588156046e-13,0.3317216357377419,1.4264900855514378e-07,4.109677909156507e-06,4.121807328997835e-13,7.712386878416126e-08
2023-03-31,2.984147166786034e-14,0.6617986299735994,1.3072211909767987e-05,3.906406734100079e-06,9.315246895360491e-14,2.5713795759179146e-06
2023-04-30,,,,,,
2023-05-31,4.1473811450766284e-16,0.7334472712455671,1.1439669141784311e-06,0.0010202756334023713,7.050202350707233e-15,7.662920920375343e-08
2023-06-30,5.956682617486588e-15,0.9437178938279189,1.0222804656667906e-06,2.1715978025569702e-05,1.3458264727068688e-13,2.639750252813126e-07
2023-07-31,6.822072493377337e-14,0.9615486841363182,1.1826862961539342e-06,3.5486404437372097e-06,2.747095975042451e-14,5.178569431837161e-08
2023-08-31,,,,,,
2023-09-30,1.0051189895495526e-14,0.9983900220369933,6.204414432159459e-08,9.675907697005148e-07,3.410335948194125e-13,1.4071576976068132e-08
2023-10-31,,,,,,
2023-11-30,8.514877350291468e-18,0.9995884287927863,4.30318413485246e-08,8.404171258586738e-07,6.12120422978947e-14,2.5226890144193988e-08
2023-12-31,7.522311475875743e-12,0.9944034365041364,4.096811495981601e-06,1.3409999076426275e-06,2.884576216586245e-12,1.1474704221499838e-07
2024-01-31,2.2402448951572694e-17,0.9028434097199174,1.0934917764201552e-08,3.3489033108284383e-07,1.3432517212821336e-15,1.990075076773793e-09
2024-02-29,,,,,,
2024-03-31,1.1697633231516898e-14,0.8441004456353212,1.7204573545753537e-06,2.153996006816328e-06,2.1011281393150307e-15,2.9388855859627155e-07
2024-04-30,,,,,,
2024-05-31,6.995518232838453e-18,0.913975282309992,1.9325982642471744e-07,9.667775847998547e-08,7.768604722066884e-16,6.581565551982005e-08
2024-06-30,7.394104259858748e-14,0.9999838449695994,4.578834032999964e-07,3.7611627173804414e-07,1.1661605055326161e-15,2.724738664271326e-08
2024-07-31,3.1065917712201563e-15,0.999996274559512,2.3228765253436708e-08,2.1444131402494928e-07,7.659082797674022e-15,1.870267896795651e-09
2024-08-31,,,,,,
2024-09-30,3.6287171944720448e-12,0.9992910088988388,1.0268450814517184e-05,7.152766175915106e-07,3.4304502817284525e-06,2.9870929022829285e-06
2024-10-31,,,,,,
2024-11-30,2.8833594679926325e-10,0.9993938842196354,9.599077187525873e-05,0.00017195590258770594,2.210784899656789e-10,5.434904044874288e-07
2024-12-31,2.1876471158280785e-11,0.9969358622849979,1.0645447222771347e-05,1.0494496326397448e-05,3.3702403733975876e-10,7.314317815566686e-07
